{
  "w_energy_attach": {
    "meguroko-svd-062": 2.875329236172081,
    "rioru-svd-059": 1.1669658886894085,
    "warubiru-svd-063": 6.213142375737152,
    "koraidonex-svd-068": 9.376303712974554,
    "rukario-svd-060": 9.60354118552733,
    "rikukurage-svd-066": 5.074786324786324,
    "nonokurage-svd-065": -0.21514629948364838,
    "warubiaru-svd-064": 7.768361581920901,
    "gakegani-svd-067": 1.7326732673267342,
    "usokki-svd-058": 5.114285714285716,
    "nokotchi-svd-092": -0.6578947368421045,
    "karamingo-svd-109": -4.49076664801343,
    "rarecoil-svd-037": -2.3151471643933967,
    "jibakoil-svd-038": 0.2761533463287835,
    "miraidonex-svd-046": 3.7239204269771955,
    "raichixyuu-svd-035": 3.0864197530864224,
    "bachinuni-svd-040": -3.0905077262693146,
    "coil-svd-036": -6.287425149700598,
    "pikachixyuu-svd-034": -9.036697247706421,
    "zupika-svd-041": -5.277777777777779,
    "harabarii-svd-042": -0.3435114503816783,
    "kaiden-svd-044": -5.124999999999999
  },
  "w_retreat_target": {
    "gakegani-svd-067": -12.5,
    "usokki-svd-058": -5.645161290322581,
    "koraidonex-svd-068": -7.421875,
    "rukario-svd-060": -7.000000000000001,
    "warubiaru-svd-064": 0.5813953488372103,
    "rioru-svd-059": -17.307692307692307,
    "nonokurage-svd-065": -16.176470588235293,
    "warubiru-svd-063": -6.8181818181818175,
    "rikukurage-svd-066": -11.249999999999998,
    "meguroko-svd-062": -11.11111111111111,
    "nokotchi-svd-092": -25.0,
    "bachinuni-svd-040": -3.9772727272727266,
    "karamingo-svd-109": -11.666666666666666,
    "miraidonex-svd-046": -15.310077519379844,
    "pikachixyuu-svd-034": -18.478260869565215,
    "zupika-svd-041": -13.88888888888889,
    "raichixyuu-svd-035": -13.0,
    "rarecoil-svd-037": -10.0,
    "jibakoil-svd-038": 0.5813953488372103,
    "harabarii-svd-042": -10.714285714285715,
    "coil-svd-036": -10.294117647058822
  },
  "w_swap_target": {
    "koraidonex-svd-068": 1.771653543307089,
    "gakegani-svd-067": -12.248322147651006,
    "rioru-svd-059": -18.333333333333336,
    "warubiru-svd-063": -3.125,
    "nokotchi-svd-092": -14.285714285714285,
    "warubiaru-svd-064": -6.8181818181818175,
    "nonokurage-svd-065": -19.11764705882353,
    "rikukurage-svd-066": -7.191780821917809,
    "usokki-svd-058": -10.0,
    "meguroko-svd-062": -12.5,
    "rukario-svd-060": -4.166666666666666,
    "miraidonex-svd-046": -10.32934131736527,
    "karamingo-svd-109": -15.298507462686567,
    "raichixyuu-svd-035": -16.11111111111111,
    "rarecoil-svd-037": -16.666666666666668,
    "pikachixyuu-svd-034": -20.0,
    "coil-svd-036": -15.0,
    "jibakoil-svd-038": -8.333333333333334,
    "harabarii-svd-042": -17.857142857142858,
    "zupika-svd-041": -21.296296296296298,
    "kaiden-svd-044": -16.304347826086957,
    "bachinuni-svd-040": -10.185185185185187
  },
  "w_promote": {
    "rioru-svd-059": -10.44776119402985,
    "meguroko-svd-062": -11.180124223602483,
    "koraidonex-svd-068": 0.7234726688102877,
    "rukario-svd-060": 3.1034482758620694,
    "rikukurage-svd-066": -7.482993197278912,
    "usokki-svd-058": -4.337539432176657,
    "warubiaru-svd-064": 5.6406685236768785,
    "warubiru-svd-063": -2.457627118644068,
    "gakegani-svd-067": -13.198757763975156,
    "nonokurage-svd-065": -14.46360153256705,
    "nokotchi-svd-092": -17.957746478873236,
    "karamingo-svd-109": -11.730123180291152,
    "miraidonex-svd-046": -5.935251798561151,
    "rarecoil-svd-037": -12.134502923976608,
    "harabarii-svd-042": -15.342679127725855,
    "jibakoil-svd-038": 0.17730496453900457,
    "bachinuni-svd-040": -8.552631578947366,
    "pikachixyuu-svd-034": -19.166666666666664,
    "zupika-svd-041": -18.157894736842106,
    "coil-svd-036": -18.899521531100476,
    "raichixyuu-svd-035": -15.058479532163743,
    "kaiden-svd-044": -22.058823529411764
  },
  "w_attack": {
    "rioru-svd-059|パンチ": -8.450704225352112,
    "warubiru-svd-063|どつく": 11.0377358490566,
    "warubiaru-svd-064|じしん": 7.164890633763321,
    "rukario-svd-060|アベンジナックル": 8.426183844011142,
    "warubiru-svd-063|しっぺがえし": -2.777777777777779,
    "koraidonex-svd-068|スプリットビーム": 0.7543103448275856,
    "koraidonex-svd-068|ガイアプレス": 17.498036135113903,
    "meguroko-svd-062|かじる": -2.2946859903381633,
    "rioru-svd-059|とつげき": -1.9578313253012043,
    "rukario-svd-060|かそくづき": 17.118863049095605,
    "nonokurage-svd-065|けとばす": -5.39647577092511,
    "nokotchi-svd-092|ともだちをさがす": -5.6818181818181825,
    "rikukurage-svd-066|たたく": 6.874999999999998,
    "usokki-svd-058|なぐってかくれる": 2.39043824701195,
    "rikukurage-svd-066|ダブルウィップ": 15.168175937904271,
    "nonokurage-svd-065|どろかけ": -2.4545454545454537,
    "usokki-svd-058|ひじうち": 15.333796940194716,
    "warubiaru-svd-064|ガブガブバイト": 0.0,
    "gakegani-svd-067|はさむ": -1.5463917525773196,
    "meguroko-svd-062|ぶつかる": 5.16949152542373,
    "gakegani-svd-067|アドレナハンマー": 12.175792507204614,
    "nokotchi-svd-092|かみつく": 2.2727272727272707,
    "jibakoil-svd-038|マグネリジェクト": -8.975659229208924,
    "karamingo-svd-109|きゅうこうか": -0.411334552102377,
    "miraidonex-svd-046|クイックドロー": -6.587651598676958,
    "rarecoil-svd-037|エレキボール": -2.649769585253456,
    "bachinuni-svd-040|しびれはり": -0.12077294685990392,
    "jibakoil-svd-038|かみなり": 6.067125645438898,
    "karamingo-svd-109|はばたく": -11.305732484076433,
    "pikachixyuu-svd-034|なきごえ": -15.5,
    "pikachixyuu-svd-034|ピカボルト": -6.221719457013575,
    "harabarii-svd-042|エレキバレット": 9.040880503144654,
    "miraidonex-svd-046|テクノターボ": 16.53616703952274,
    "raichixyuu-svd-035|エレキチャージ": -10.714285714285715,
    "raichixyuu-svd-035|10まんボルト": -1.1467889908256867,
    "zupika-svd-041|でんげき": -8.333333333333334,
    "coil-svd-036|ぶつかる": -16.566265060240966,
    "bachinuni-svd-040|ついげきバリバリ": 5.312035661218423,
    "kaiden-svd-044|ふきあらす": -17.17687074829932,
    "kaiden-svd-044|はばたく": -19.029850746268657,
    "coil-svd-036|スピードボール": -9.199134199134198,
    "rarecoil-svd-037|たいあたり": -9.077380952380953
  },
  "w_catcher_target": {},
  "w_support_use": {
    "hakasenokenkyuu": 1.7187500000000022,
    "nemo": 1.6542537954740755,
    "tanpankozou": 1.9215762777994527,
    "jixyajjiman": 1.4638783269961986,
    "kihada": 0.7530120481927693
  },
  "w_goods_use": {},
  "w_evolve_onto": {
    "meguroko-svd-062": 4.502043980828868,
    "warubiru-svd-063": 5.832010881886196,
    "nonokurage-svd-065": 8.140053523639606,
    "rioru-svd-059": 8.613248264214674,
    "zupika-svd-041": -3.123396360478428,
    "coil-svd-036": -1.4662364884303973,
    "rarecoil-svd-037": -2.2032858788982645,
    "pikachixyuu-svd-034": -4.364911910539088
  },
  "w_tool_attach": {
    "koraidonex-svd-068": 8.235294117647058,
    "warubiru-svd-063": 7.608695652173914,
    "meguroko-svd-062": 3.508771929824561,
    "rukario-svd-060": 14.285714285714285,
    "nonokurage-svd-065": 6.4606741573033695,
    "gakegani-svd-067": 1.7441860465116255,
    "warubiaru-svd-064": 9.46601941747573,
    "rikukurage-svd-066": 7.417582417582419,
    "rioru-svd-059": -0.3246753246753248,
    "usokki-svd-058": 14.743589743589741
  },
  "w_haipaboru_discard": {
    "kihada": 1.1111111111111127,
    "pokemonkixyatchixya": -0.20391517128874326,
    "kihontouenerugi": 7.222934016655991,
    "tanpankozou": 0.9351620947630923,
    "nonokurage-svd-065": 9.951456310679612,
    "jixyajjiman": 1.5536723163841804,
    "nemo": 1.8292682926829285,
    "pokemon_irekae": 2.0925110132158586,
    "gakegani-svd-067": 7.4074074074074066,
    "rukario-svd-060": -1.9999999999999991,
    "rioru-svd-059": 11.538461538461537,
    "warubiaru-svd-064": 4.601990049751242,
    "rikukurage-svd-066": 7.35294117647059,
    "warubiru-svd-063": 3.57142857142857,
    "unknown": 5.8411214953271005,
    "supaboru": 1.6666666666666663,
    "hakasenokenkyuu": -1.323119777158774,
    "meguroko-svd-062": 11.585365853658535,
    "fushiginaame": -0.897435897435897,
    "haipaboru": 1.9230769230769218,
    "iwanomuneate": 4.411764705882354,
    "koraidonex-svd-068": -3.9473684210526327,