{
  "w_energy_attach": {},
  "w_retreat_target": {},
  "w_swap_target": {},
  "w_promote": {},
  "w_attack": {
    "sorurokku-mc-372|コスモビーム|0": -24.852197088722264,
    "sorurokku-mc-372|コスモビーム|1": 5.505248297853065,
    "mrukarioex-m1-029|はどうづき|1": 31.531679342223402,
    "mrukarioex-m1-029|はどうづき|0": -33.97115619652895,
    "mrukarioex-m1-029|メガブレイブ|0": -4.852108577481333,
    "mrukarioex-m1-029|メガブレイブ|1": 56.13713109628872,
    "makunoshita-mil-024|どつく|0": -67.20905942233541,
    "makunoshita-mil-024|がちんこ|0": -43.607519832892585,
    "rioru-svd-059|パンチ|0": -55.99993317494622,
    "rioru-svd-059|とつげき|0": -91.29115619652896,
    "rioru-svd-059|パンチ|1": -20.54258476795753,
    "makunoshita-mil-024|がちんこ|1": -17.89423311960587,
    "runaton|パワージェム|0": -48.698428923801686,
    "runaton|パワージェム|1": 7.885986660613895,
    "rioru-svd-059|とつげき|1": -10.860045085417838,
    "hariteyama-mil-025|ワイルドプレス|0": 9.028843803471034,
    "makunoshita-mil-024|どつく|1": -23.971156196528955
  },
  "w_catcher_target": {},
  "w_support_use": {},
  "w_goods_use": {},
  "w_evolve_onto": {},
  "w_tool_attach": {},
  "w_haipaboru_discard": {},
  "w_pokepaddo_fetch": {},
  "w_faitogongu_fetch": {},
  "w_pokepaddo_duplicate_penalty": {}
}