{
  "w_energy_attach": {
    "meguroko-svd-062": 1.5391705069124417,
    "koraidonex-svd-068": 3.5849056603773577,
    "warubiaru-svd-064": 2.6340326340326348,
    "rikukurage-svd-066": 2.3922413793103448,
    "gakegani-svd-067": 1.2774193548387092,
    "rioru-svd-059": 0.41970802919708117,
    "usokki-svd-058": 2.1287408243929984,
    "warubiru-svd-063": 2.777777777777777,
    "nonokurage-svd-065": 0.008826125330980705,
    "rukario-svd-060": 3.893249607535323,
    "nokotchi-svd-092": -0.5000000000000004,
    "bachinuni-svd-040": -1.5246636771300448,
    "karamingo-svd-109": -1.8902606310013714,
    "miraidonex-svd-046": 1.215761653051417,
    "harabarii-svd-042": -0.27027027027026973,
    "zupika-svd-041": -1.8631178707224338,
    "rarecoil-svd-037": -0.8061002178649235,
    "coil-svd-036": -2.592047128129602,
    "jibakoil-svd-038": 0.0995355009953558,
    "raichixyuu-svd-035": 1.0863509749303613,
    "kaiden-svd-044": -2.0855614973262027,
    "pikachixyuu-svd-034": -3.5897435897435894
  },
  "w_retreat_target": {
    "rioru-svd-059": -4.2857142857142865,
    "rikukurage-svd-066": -4.871794871794872,
    "meguroko-svd-062": -5.0,
    "koraidonex-svd-068": -2.1875,
    "usokki-svd-058": -3.793103448275862,
    "gakegani-svd-067": -5.666666666666666,
    "nonokurage-svd-065": -5.294117647058823,
    "warubiru-svd-063": -2.727272727272727,
    "rukario-svd-060": -2.3809523809523814,
    "warubiaru-svd-064": -0.24390243902439046,
    "nokotchi-svd-092": -10.0,
    "miraidonex-svd-046": -5.737704918032787,
    "pikachixyuu-svd-034": -7.142857142857143,
    "bachinuni-svd-040": -3.2584269662921352,
    "karamingo-svd-109": -4.408602150537635,
    "jibakoil-svd-038": 0.2564102564102555,
    "rarecoil-svd-037": 0.7692307692307687,
    "raichixyuu-svd-035": -3.846153846153846,
    "zupika-svd-041": -3.333333333333334,
    "harabarii-svd-042": -4.2105263157894735,
    "kaiden-svd-044": -3.333333333333334,
    "coil-svd-036": -4.545454545454546
  },
  "w_swap_target": {
    "koraidonex-svd-068": -0.15873015873015928,
    "warubiru-svd-063": -2.5,
    "gakegani-svd-067": -3.2413793103448274,
    "rikukurage-svd-066": -2.1428571428571432,
    "usokki-svd-058": -4.375,
    "meguroko-svd-062": -3.75,
    "nokotchi-svd-092": -6.428571428571428,
    "warubiaru-svd-064": -2.272727272727273,
    "rioru-svd-059": -8.064516129032258,
    "nonokurage-svd-065": -8.571428571428573,
    "rukario-svd-060": -1.8181818181818177,
    "pikachixyuu-svd-034": -7.428571428571429,
    "bachinuni-svd-040": -4.0,
    "harabarii-svd-042": -7.664233576642337,
    "miraidonex-svd-046": -3.9877300613496933,
    "coil-svd-036": -6.190476190476191,
    "karamingo-svd-109": -5.9016393442622945,
    "jibakoil-svd-038": -2.9032258064516125,
    "raichixyuu-svd-035": -7.419354838709678,
    "kaiden-svd-044": -8.0,
    "rarecoil-svd-037": -6.190476190476191,
    "zupika-svd-041": -8.571428571428573
  },
  "w_promote": {
    "nonokurage-svd-065": -5.755102040816327,
    "meguroko-svd-062": -3.9811912225705326,
    "rioru-svd-059": -3.9033457249070636,
    "warubiru-svd-063": 0.0,
    "rikukurage-svd-066": -2.6950354609929073,
    "usokki-svd-058": -1.1182108626198084,
    "koraidonex-svd-068": 0.06472491909385036,
    "warubiaru-svd-064": 1.7142857142857149,
    "gakegani-svd-067": -4.785276073619632,
    "rukario-svd-060": 1.6058394160583944,
    "nokotchi-svd-092": -7.027027027027026,
    "karamingo-svd-109": -4.5777777777777775,
    "miraidonex-svd-046": -2.8084606345475915,
    "harabarii-svd-042": -6.201780415430267,
    "coil-svd-036": -7.970297029702971,
    "rarecoil-svd-037": -4.556213017751479,
    "pikachixyuu-svd-034": -7.301587301587302,
    "raichixyuu-svd-035": -5.6521739130434785,
    "bachinuni-svd-040": -3.620352250489237,
    "kaiden-svd-044": -8.064516129032258,
    "jibakoil-svd-038": 0.117647058823529,
    "zupika-svd-041": -7.03448275862069
  },
  "w_attack": {
    "koraidonex-svd-068|スプリットビーム": -0.1521739130434785,
    "warubiaru-svd-064|じしん": 2.924424972617743,
    "gakegani-svd-067|はさむ": 0.4347826086956519,
    "gakegani-svd-067|アドレナハンマー": 5.209580838323353,
    "rioru-svd-059|パンチ": -3.733333333333333,
    "warubiru-svd-063|しっぺがえし": -1.0526315789473684,
    "rioru-svd-059|とつげき": -0.4234527687296419,
    "warubiru-svd-063|どつく": 5.20912547528517,
    "rikukurage-svd-066|ダブルウィップ": 6.089663760896638,
    "usokki-svd-058|ひじうち": 6.151832460732985,
    "usokki-svd-058|なぐってかくれる": 0.8453608247422673,
    "koraidonex-svd-068|ガイアプレス": 6.685902720527617,
    "warubiaru-svd-064|ガブガブバイト": 0.235294117647058,
    "rikukurage-svd-066|たたく": 3.278688524590163,
    "meguroko-svd-062|かじる": -0.39215686274509776,
    "rukario-svd-060|アベンジナックル": 3.5511363636363646,
    "rukario-svd-060|かそくづき": 7.15846994535519,
    "nonokurage-svd-065|けとばす": -1.7543859649122806,
    "nonokurage-svd-065|どろかけ": -1.355311355311355,
    "meguroko-svd-062|ぶつかる": 2.15547703180212,
    "nokotchi-svd-092|ともだちをさがす": -1.4893617021276595,
    "nokotchi-svd-092|かみつく": 0.625,
    "bachinuni-svd-040|しびれはり": -0.15748031496062964,
    "bachinuni-svd-040|ついげきバリバリ": 2.0606060606060606,
    "karamingo-svd-109|はばたく": -4.826254826254827,
    "miraidonex-svd-046|クイックドロー": -2.6258205689277903,
    "miraidonex-svd-046|テクノターボ": 6.370539104024298,
    "jibakoil-svd-038|マグネリジェクト": -3.106212424849699,
    "rarecoil-svd-037|たいあたり": -3.5446685878962536,
    "karamingo-svd-109|きゅうこうか": -0.2070207020702075,
    "coil-svd-036|ぶつかる": -6.26984126984127,
    "jibakoil-svd-038|かみなり": 2.796536796536797,
    "rarecoil-svd-037|エレキボール": -0.9090909090909094,
    "raichixyuu-svd-035|エレキチャージ": -4.301075268817204,
    "harabarii-svd-042|エレキバレット": 3.141025641025641,
    "coil-svd-036|スピードボール": -4.298245614035087,
    "pikachixyuu-svd-034|ピカボルト": -1.7903930131004364,
    "zupika-svd-041|でんげき": -2.883435582822086,
    "raichixyuu-svd-035|10まんボルト": -0.357142857142857,
    "pikachixyuu-svd-034|なきごえ": -6.476683937823835,
    "kaiden-svd-044|ふきあらす": -7.0212765957446805,
    "kaiden-svd-044|はばたく": -8.148148148148149
  },
  "w_catcher_target": {},
  "w_support_use": {
    "nemo": 0.5491624180626364,
    "hakasenokenkyuu": 0.6299840510366828,
    "jixyajjiman": 0.48875096974398735,
    "tanpankozou": 0.6459330143540676,
    "kihada": 0.349726775956285
  },
  "w_goods_use": {},
  "w_evolve_onto": {
    "nonokurage-svd-065": 3.3779060932988902,
    "meguroko-svd-062": 1.7154781607541203,
    "warubiru-svd-063": 2.6748689906584633,
    "rioru-svd-059": 3.7107279693486594,
    "zupika-svd-041": -1.181408837670762,
    "pikachixyuu-svd-034": -0.6718637809006056,
    "coil-svd-036": -1.3487173291450205,
    "rarecoil-svd-037": -1.2399403874813708
  },
  "w_tool_attach": {
    "warubiru-svd-063": 2.6530612244897966,
    "usokki-svd-058": 5.76470588235294,
    "warubiaru-svd-064": 3.3333333333333326,
    "rioru-svd-059": 0.0,
    "nonokurage-svd-065": 1.9999999999999996,
    "gakegani-svd-067": 0.8196721311475419,
    "meguroko-svd-062": 2.5,
    "koraidonex-svd-068": 3.29192546583851,
    "rikukurage-svd-066": 3.4090909090909083,
    "rukario-svd-060": 5.272727272727273
  },
  "w_haipaboru_discard": {
    "rikukurage-svd-066": 3.1372549019607843,
    "warubiaru-svd-064": 2.156862745098038,
    "kihontouenerugi": 2.6640419947506566,
    "haipaboru": 0.9090909090909083,
    "pokemon_irekae": 1.3242009132420085,
    "hakasenokenkyuu": -0.24390243902439046,
    "jixyajjiman": 0.40000000000000036,
    "pokemonkixyatchixya": 0.21346469622331776,
    "nemo": 0.7228915662650603,
    "gakegani-svd-067": 3.4482758620689657,
    "nonokurage-svd-065": 2.9032258064516125,
    "koraidonex-svd-068": -0.9999999999999998,
    "kihada": 0.6666666666666665,
    "tanpankozou": 0.4854368932038833,
    "fushiginaame": 0.10638297872340496,
    "meguroko-svd-062": 4.186046511627907,
    "rukario-svd-060": -1.6000000000000003,
    "unknown": 2.549019607843137,
    "warubiru-svd-063": 1.3761467889908263,
    "nokotchi-svd-092": 1.9999999999999996,
    "rioru-svd-059": 6.296296296296296,